PREF IBKR,PREF YF,CMON,FF-FR_,BOND_,CRDT SCORE_,EX-DIV DATE,CALL DATE,MATUR DATE,DIV AMOUNT,COUPON,Aug2022_Price,Oct19_Price,CMON OUTS SHARES,CMON SECTOR,LAST PRICE,TIME TO DIV,DIV ADJ.PRICE,,,,
ABLLL,ABLLL,ABL,,BB,8,05/13/2025,2/15/2027,11/15/2028,0.62,9.88%,,,95.62,Insurance,,,,,,,
ABR PRD,ABR-D,ABR,,,8,06/17/2025,6/2/2026,NONE,0.40,6.38%,21.35,16.6,192.08,Reit,,,,,,,
ABR PRE,ABR-E,ABR,,,8,06/17/2025,8/11/2026,NONE,0.39,6.25%,21.35,16.6,192.08,Reit,,,,,,,
ABR PRF,ABR-F,ABR,,,8,07/11/2025,10/30/2026,NONE,0.39,6.25%,,,192.08,Reit,,,,,,,
ACR PRC,ACR-C,ACR,FF,,8,07/01/2025,7/30/2024,NONE,0.64,8.63%,,,7.39,Reit,,,,,,,
ACR PRD,ACR-D,ACR,,,8,07/01/2025,5/21/2026,NONE,0.49,7.88%,20.5,18.57,7.39,Reit,,,,,,,
AGNCL,AGNCL,AGNC,FF,,8,07/01/2025,10/15/2027,NONE,0.48,7.75%,,,1020.48,Reit,,,,,,,
AGNCM,AGNCM,AGNC,FF,,8,07/01/2025,4/15/2024,NONE,0.56,6.88%,,,1020.48,Reit,,,,,,,
AGNCN,AGNCN,AGNC,FF,,8,07/01/2025,10/15/2022,NONE,0.61,7.00%,,,1020.48,Reit,,,,,,,
AGNCO,AGNCO,AGNC,FF,,8,07/01/2025,10/15/2024,NONE,0.60,6.50%,,,1020.48,Reit,,,,,,,
AGNCP,AGNCP,AGNC,NFF,,8,07/01/2025,4/15/2025,NONE,0.38,6.13%,,,1020.48,Reit,,,,,,,
AHL PRF,AHL-F,-,,,10,06/12/2025,11/30/2029,NONE,0.61,7.00%,,,-,-,,,,,,,
ALL PRB,ALL-B,ALL,FF,,12.5,06/27/2025,1/15/2023,1/15/2053,0.48,5.10%,,,264.67,Insurance,,,,,,,
ALL PRJ,ALL-J,ALL,,,12,06/27/2025,7/15/2028,NONE,0.46,7.38%,,25.29,264.67,Insurance,,,,,,,
ALTG PRA,ALTG-A,ALTG,,,8,07/11/2025,12/22/2025,NONE,0.63,10.00%,26.75,25.75,33.19,Rental&leasingservices,,,,,,,
ANG PRB,ANG-B,-,FF,,9,05/16/2025,9/1/2025,NONE,0.41,6.63%,,,-,-,,,,,,,
ANG PRD,ANG-D,-,,,9,06/30/2025,1/15/2030,None,0.49,7.38%,,,-,-,,,,,,,
AOMN,AOMN,AOMR,,BB,8,07/14/2025,7/30/2026,7/30/2029,0.59,9.50%,,,23.50,Reit,,,,,,,
APOS,APOS,APO,NFF,,13,05/30/2025,12/15/2028,9/15/2053,0.48,7.63%,,,571.72,Assetmanagement,,,,,,,
AQNB,AQNB,AQN,FF,,9,06/13/2025,7/1/2024,7/1/2079,0.55,6.20%,,,789.65,Utilities,,,,,,,
ARGD,ARGD,-,,BB,9.5,05/30/2025,9/15/2017,9/15/2042,0.41,6.50%,24.35,21.31,-,-,,,,,,,
ARGO PRA,ARGO-A,-,NFF,,8.5,05/27/2025,9/15/2025,NONE,0.44,7.00%,,,-,-,,,,,,,
ARR PRC,ARR-C,ARR,,,8,05/15/2025,1/28/2025,None,0.15,7.00%,22.6,18.06,81.90,Reit,,,,,,,
ASBA,ASBA,ASB,NFF,,11,05/15/2025,3/1/2028,3/1/2033,0.41,6.63%,,,165.95,Regionalbank,,,,,,,
ATCO PRD,ATCO-D,-,,,8,07/25/2025,1/30/2018,NONE,0.50,7.95%,25.27,23.86,-,-,,,,,,,
ATCO PRH,ATCO-H,-,,,8,07/25/2025,8/11/2021,NONE,0.49,7.88%,24.95,22.38,-,-,,,,,,,
ATCOL,ATCOL,-,,,8,07/15/2025,5/13/2023,10/30/2027,0.45,7.13%,,,-,-,,,,,,,
ATH PRA,ATH-A,-,NFF,,11.5,06/13/2025,6/30/2029,NONE,0.40,6.35%,,,-,-,,,,,,,
ATH PRC,ATH-C,-,NFF,,11.5,06/13/2025,9/30/2025,NONE,0.40,6.38%,,,-,-,,,,,,,
ATH PRE,ATH-E,-,NFF,,11.5,06/13/2025,12/30/2027,NONE,0.48,7.75%,,,-,-,,,,,,,
ATHS,ATHS,-,NFF,,12,06/12/2025,3/30/2029,3/30/2064,0.45,7.25%,,,-,-,,,,,,,
ATLCL,ATLCL,ATLC,,,8,07/11/2025,10/2/2026,12/31/2026,0.38,6.13%,24.52,21.61,15.11,Creditservices,,,,,,,
ATLCP,ATLCP,ATLC,,,8,05/30/2025,6/11/2026,NONE,0.48,7.63%,24.15,20.61,15.11,Creditservices,,,,,,,
ATLCZ,ATLCZ,ATLC,,BB,8,07/01/2025,1/31/2028,1/31/2029,0.58,9.25%,,,15.11,Creditservices,,,,,,,
AUB PRA,AUB-A,AUB,,,8,05/16/2025,9/1/2025,NONE,0.43,6.88%,26.14,19.25,142.37,Regionalbank,,,,,,,
BAC PRE,BAC-E,BAC,FLR,,11,07/25/2025,11/15/2011,NONE,0.31,4.00%,,,7537.21,Bank,,,,,,,
BANC PRF,BANC-F,BANC,NFF,,8,05/19/2025,9/1/2027,NONE,0.49,7.75%,,,169.33,Regionalbank,,,,,,,
BANFP,BANFP,BANF,,TP,8,06/27/2025,3/21/2009,3/31/2034,0.45,7.20%,27.53,27,33.23,Regionalbank,,,,,,,
BC PRA,BC-A,BC,,BB,11.5,06/29/2025,10/15/2023,10/15/2048,0.40,6.50%,26.22,22.5,65.69,Consumercyclical,,,,,,,
BC PRC,BC-C,BC,,BB,11.5,06/29/2025,4/15/2024,4/15/2049,0.39,6.38%,25.99,22.33,65.69,Consumercyclical,,,,,,,
BK PRK,BK-K,BK,NFF,,12.5,06/05/2025,3/20/2030,NONE,0.41,6.15%,,,715.58,Bank,,,,,,,
BML PRG,BML-G,BAC,FLR,,11,05/15/2025,11/28/2009,NONE,0.33,3.00%,,,7537.21,Bank,,,,,,,
BML PRH,BML-H,BAC,FLR,,11,05/15/2025,11/28/2009,NONE,0.32,3.00%,,,7537.21,Bank,,,,,,,
BML PRJ,BML-J,BAC,FLR,,11,05/15/2025,11/21/2010,NONE,0.33,4.00%,,,7537.21,Bank,,,,,,,
BML PRL,BML-L,BAC,FLR,,11,07/01/2025,5/21/2010,NONE,0.32,4.00%,,,7537.21,Bank,,,,,,,
BOH PRB,BOH-B,BOH,,,9.5,07/14/2025,8/1/2029,NONE,0.50,8.00%,,,39.66,Regionalbank,,,,,,,
BPOPM,BPOPM,BPOP,,TP,7,05/15/2025,12/1/2009,12/1/2034,0.13,6.13%,27.2,24.51,69.37,Regionalbank,,,,,,,
C PRN,C-N,C,,,10,07/25/2025,10/30/2015,10/30/2040,0.68,7.88%,,,1868.19,Bank,,,,,,,
CCIA,CCIA,CCIF,,Term,8,05/19/2025,10/31/2025,10/31/2028,0.18,8.75%,,,15.39,Cef,,,,,,,
CFG PRH,CFG-H,CFG,,,10.5,06/20/2025,7/6/2029,NONE,0.46,7.38%,,,433.40,Regionalbank,,,,,,,
CGBDL,CGBDL,CGBD,,,8,05/15/2025,#N/A,#N/A,0.51,#N/A,,,72.90,Assetmanagement,,,,,,,
CHMI PRA,CHMI-A,CHMI,,,8,06/27/2025,8/17/2022,NONE,0.51,8.20%,22.65,19.6,32.66,Reit,,,,,,,
CHMI PRB,CHMI-B,CHMI,FF,,8,06/27/2025,4/5/2024,NONE,0.64,8.25%,,,32.66,Reit,,,,,,,
CHSCL,CHSCL,-,,,8,06/13/2025,1/21/2025,NONE,0.47,7.50%,27.3,25.07,-,-,,,,,,,
CHSCM,CHSCM,-,,,8,06/13/2025,9/30/2024,NONE,0.42,6.75%,26.4,24.05,-,-,,,,,,,
CHSCN,CHSCN,-,,,8,06/13/2025,3/31/2024,NONE,0.44,7.10%,26.3,24.62,-,-,,,,,,,
CHSCO,CHSCO,-,,,8,06/13/2025,9/26/2023,NONE,0.49,7.88%,28.31,25.64,-,-,,,,,,,
CICB,CICB,CION,,,8,06/12/2025,12/30/2026,12/30/2029,0.47,7.50%,,,52.69,Assetmanagement,,,,,,,
CIM PRB,CIM-B,CIM,FF,,8,06/02/2025,3/30/2024,NONE,0.65,8.00%,,,80.92,Reit,,,,,,,
CIM PRC,CIM-C,CIM,NFF,,8,06/02/2025,9/30/2025,NONE,0.48,7.75%,,,80.92,Reit,,,,,,,
CIM PRD,CIM-D,CIM,FF,,8,06/02/2025,3/30/2024,NONE,0.64,8.00%,,,80.92,Reit,,,,,,,
CIMN,CIMN,CIM,,BB,8,07/30/2025,5/15/2026,5/15/2029,0.56,9.00%,,,80.92,Reit,,,,,,,
CIMO,CIMO,CIM,,,8,07/30/2025,8/15/2026,8/15/2029,0.58,9.25%,,,80.92,Reit,,,,,,,
CMRE PRB,CMRE-B,CMRE,,,8,07/10/2025,8/6/2018,NONE,0.48,7.63%,25.18,24.82,119.96,Marineshipping,,,,,,,
CMRE PRC,CMRE-C,CMRE,,,8,07/10/2025,1/21/2019,NONE,0.53,8.50%,25.32,25.17,119.96,Marineshipping,,,,,,,
CMRE PRD,CMRE-D,CMRE,,,8,07/10/2025,5/13/2020,NONE,0.55,8.75%,25.83,25.07,119.96,Marineshipping,,,,,,,
CNOBP,CNOBP,CNOB,NFF,,8,05/15/2025,9/1/2026,NONE,0.33,5.25%,,,38.47,Regionalbank,,,,,,,
CODI PRA,CODI-A,CODI,,,8,06/17/2025,7/30/2022,NONE,0.45,7.25%,25.08,22.03,75.24,Conglomerates,,,,,,,
CODI PRB,CODI-B,CODI,,FF,8,06/17/2025,4/30/2028,NONE,0.49,7.88%,26.85,23.5,75.24,Conglomerates,,,,,,,
CODI PRC,CODI-C,CODI,,,8,06/17/2025,1/30/2025,NONE,0.49,7.88%,25.79,23.89,75.24,Conglomerates,,,,,,,
CRBD,CRBD,CRBG,,,11,05/30/2025,12/15/2029,12/15/2064,0.40,6.38%,,,550.13,Assetmanagement,,,,,,,
CSWCZ,CSWCZ,CSWC,,BB,8,07/15/2025,8/1/2025,8/1/2028,0.48,7.75%,,25.05,50.37,Assetmanagement,,,,,,,
CUBI PRE,CUBI-E,CUBI,FF,,8,05/30/2025,6/15/2021,NONE,0.61,6.45%,,,31.54,Regionalbank,,,,,,,
CUBI PRF,CUBI-F,CUBI,FF,,8,05/30/2025,12/14/2021,NONE,0.59,6.00%,,,31.54,Regionalbank,,,,,,,
DBRG PRH,DBRG-H,DBRG,,,8,07/10/2025,4/15/2020,NONE,0.45,7.13%,24.5,21.28,176.33,Assetmanagement,,,,,,,
DBRG PRI,DBRG-I,DBRG,,,8,07/10/2025,6/5/2022,NONE,0.45,7.15%,24.3,20.8,176.33,Assetmanagement,,,,,,,
DBRG PRJ,DBRG-J,DBRG,,,8,07/10/2025,9/22/2022,NONE,0.45,7.13%,24.72,21,176.33,Assetmanagement,,,,,,,
DCOMG,DCOMG,DCOM,NFF,,10,06/30/2025,7/15/2029,7/15/2034,0.56,9.00%,,,43.64,Regionalbank,,,,,,,
DDT,DDT,DDS,,TP,10.5,07/11/2025,8/12/2003,8/1/2038,0.47,7.50%,27,25.4,15.68,Departmentstores,,,,,,,
DRH PRA,DRH-A,DRH,,,8,06/20/2025,8/31/2025,NONE,0.52,8.25%,27,24.87,205.53,Reit,,,,,,,
DSX PRB,DSX-B,DSX,,,8,07/10/2025,3/14/2019,NONE,0.56,8.88%,25.8,25.16,115.77,Marineshipping,,,,,,,
DX PRC,DX-C,DX,NFF,,8,06/27/2025,4/25/2025,NONE,0.43,6.90%,,,107.00,Reit,,,,,,,
ECC PRD,ECC-D,ECC,,,8,05/12/2025,11/29/2026,NONE,0.14,6.75%,23.19,19.6,120.18,Cef,,,,,,,
ECCC,ECCC,ECC,,,8,05/12/2025,6/16/2024,6/30/2031,0.14,6.50%,24.15,20.52,120.18,Cef,,,,,,,
ECCF,ECCF,ECC,,Term,8,05/12/2025,1/18/2026,1/31/2029,0.17,8.00%,,,120.18,Cef,,,,,,,
ECCU,ECCU,ECC,,,8,05/12/2025,6/30/2027,4/30/2030,0.15,7.75%,,,120.18,Cef,,,,,,,
ECCV,ECCV,ECC,,BB,8,06/13/2025,1/31/2025,1/31/2029,0.34,5.38%,22.84,21.11,120.18,Cef,,,,,,,
ECCW,ECCW,ECC,,BB,8,06/13/2025,3/29/2024,3/31/2031,0.42,6.75%,24.5,21.9,120.18,Cef,,,,,,,
ECCX,ECCX,ECC,,BB,8,06/12/2025,4/30/2021,4/30/2028,0.42,6.69%,24.91,23.24,120.18,Cef,,,,,,,
EFC PRA,EFC-A,EFC,FF,,8,06/27/2025,10/30/2024,NONE,0.61,6.75%,,,94.36,Reit,,,,,,,
EFC PRB,EFC-B,EFC,NFF,,8,06/27/2025,1/30/2027,NONE,0.39,6.25%,,,94.36,Reit,,,,,,,
EFC PRC,EFC-C,EFC,NFF,,8,06/27/2025,4/30/2028,None,0.54,8.63%,,,94.36,Reit,,,,,,,
EFC PRD,EFC-D,EFC,,,8,06/18/2025,5/12/2022,NONE,0.44,7.00%,,,94.36,Reit,,,,,,,
EICA,EICA,EIC,,Term,8,05/12/2025,10/31/2023,10/30/2026,0.10,5.00%,23.25,22.68,21.14,Cef,,,,,,,
EICB,EICB,EIC,,Term,8,05/12/2025,7/31/2025,7/31/2028,0.16,7.75%,,24.42,21.14,Cef,,,,,,,
EICC,EICC,EIC,,Term,8,05/12/2025,4/3/2026,4/30/2029,0.17,8.00%,,,21.14,Cef,,,,,,,
EIIA,EIIA,-,,,8,05/12/2025,10/31/2026,10/31/2029,0.17,8.13%,,,-,-,,,,,,,
ESGRO,ESGRO,-,,,9,05/15/2025,3/1/2024,NONE,0.44,7.00%,25.62,22.5,-,-,,,,,,,
ESGRP,ESGRP,-,,,9,05/15/2025,9/1/2028,NONE,0.44,7.00%,25.18,22.44,-,-,,,,,,,
ET PRI,ET-I,ETR,,,8,08/01/2025,Never,Never,0.21,9.25%,,,430.81,Utilities,,,,,,,
F PRD,F-D,F,,BB,9,04/30/2025,8/15/2027,8/15/2062,0.40,6.50%,,20.79,3980.84,Automanufacturers,,,,,,,
FCRX,FCRX,CCAP,,BB,8,05/30/2025,5/25/2023,5/25/2026,0.31,5.00%,,23.25,37.06,Assetmanagement,,,,,,,
FGN,FGN,FG,,BB,11,05/30/2025,12/15/2028,12/15/2053,0.50,7.95%,,,134.94,Insurance,,,,,,,
FGSN,FGSN,FG,,,8.5,07/01/2025,1/15/2030,1/15/2065,0.46,7.30%,,,134.94,Insurance,,,,,,,
FHN PRB,FHN-B,FHN,NFF,,8.5,07/17/2025,8/1/2025,NONE,0.42,6.63%,,,506.74,Regionalbank,,,,,,,
FHN PRC,FHN-C,FHN,NFF,,8.5,07/17/2025,5/1/2026,NONE,0.41,6.60%,,,506.74,Regionalbank,,,,,,,
FHN PRE,FHN-E,FHN,,,8.5,06/25/2025,10/10/2025,NONE,0.41,6.50%,,,506.74,Regionalbank,,,,,,,
FITBI,FITBI,FITB,,,10.5,06/26/2025,12/31/2023,NONE,0.52,6.63%,,,667.97,Regionalbank,,,,,,,
FLG PRA,FLG-A,FLG,,,8.5,06/06/2025,6/17/2027,NONE,0.40,6.38%,,,415.83,Regionalbank,,,,,,,
FRMEP,FRMEP,FRME,,,8,07/28/2025,8/15/2025,NONE,0.47,7.50%,26,23.23,58.20,Regionalbank,,,,,,,
GAINI,GAINI,GAIN,,,8,07/14/2025,2/1/2027,2/1/2030,0.49,7.88%,,,36.84,Assetmanagement,,,,,,,
GAINL,GAINL,GAIN,,BB,8,07/15/2025,8/1/2025,8/1/2028,0.50,8.00%,,25.07,36.84,Assetmanagement,,,,,,,
GAINN,GAINN,GAIN,,BB,8,07/11/2025,5/1/2023,5/1/2026,0.31,5.00%,23.85,23.23,36.84,Assetmanagement,,,,,,,
GAINZ,GAINZ,GAIN,,BB,8,07/11/2025,11/1/2023,11/1/2028,0.31,4.75%,23.45,21.85,36.84,Assetmanagement,,,,,,,
GAM PRB,GAM-B,GAM,,,8,06/09/2025,9/24/2008,NONE,0.37,5.95%,26.21,24.28,27.06,Cef,,,,,,,
GECCH,GECCH,GECC,,BB,8,06/13/2025,12/30/2026,12/31/2029,0.50,8.13%,,,11.54,Assetmanagement,,,,,,,
GECCI,GECCI,GECC,,,8,06/13/2025,4/30/2026,4/30/2029,0.53,8.50%,,,11.54,Assetmanagement,,,,,,,
GECCO,GECCO,GECC,,BB,8,06/13/2025,6/30/2023,6/30/2026,0.36,5.88%,24.75,24.05,11.54,Assetmanagement,,,,,,,
GECCZ,GECCZ,GECC,,BB,8,06/13/2025,9/30/2025,9/30/2028,0.54,8.75%,,24.64,11.54,Assetmanagement,,,,,,,
GLADZ,GLADZ,GLAD,,BB,8,05/15/2025,9/1/2025,9/1/2028,0.48,7.75%,,25.02,22.33,Cef,,,,,,,
GMRE PRA,GMRE-A,GMRE,,,8,07/11/2025,9/15/2022,NONE,0.47,7.50%,25.54,24.46,66.88,Reit,,,,,,,
GNL PRA,GNL-A,GNL,,,8,07/02/2025,9/12/2022,NONE,0.45,7.25%,25.75,16.96,229.01,Reit,,,,,,,
GNL PRB,GNL-B,GNL,,,8,07/02/2025,11/26/2024,NONE,0.43,6.88%,26.04,16.01,229.01,Reit,,,,,,,
GNL PRD,GNL-D,GNL,,,8,07/03/2025,3/26/2024,NONE,0.47,7.50%,,17.92,229.01,Reit,,,,,,,
GNL PRE,GNL-E,GNL,,,8,07/03/2025,12/15/2025,NONE,0.46,7.38%,,17.64,229.01,Reit,,,,,,,
GPMT PRA,GPMT-A,GPMT,NFF,,8,06/30/2025,1/15/2027,NONE,0.44,7.00%,,,48.41,Reit,,,,,,,
GS PRA,GS-A,GS,FLR,,9.5,07/24/2025,4/10/2010,NONE,0.34,3.75%,,,306.83,Bank,,,,,,,
GS PRC,GS-C,GS,FLR,,9.5,07/24/2025,5/24/2011,NONE,0.34,4.00%,,,306.83,Bank,,,,,,,
GS PRD,GS-D,GS,FLR,,9.5,07/24/2025,10/31/2010,NONE,0.33,4.00%,,,306.83,Bank,,,,,,,
GSL PRB,GSL-B,GSL,,,8,06/23/2025,8/20/2019,NONE,0.55,8.75%,,,35.74,Marineshipping,,,,,,,
HBANL,HBANL,HBAN,NFF,,10.5,07/01/2025,4/15/2028,NONE,0.43,6.88%,,,1455.68,Regionalbank,,,,,,,
HCXY,HCXY,HTGC,,BB,8,07/11/2025,10/30/2023,10/30/2033,0.39,6.25%,25.31,23.56,175.77,Assetmanagement,,,,,,,
HNNAZ,HNNAZ,HNNA,,BB,8,06/13/2025,12/31/2023,12/31/2026,0.31,4.88%,24.59,23.49,7.79,Assetmanagement,,,,,,,
HOVNP,HOVNP,HOVN,,,2.5,06/27/2025,7/12/2010,NONE,0.48,7.63%,,,-,-,,,,,,,
HPP PRC,HPP-C,HPP,,,7,06/16/2025,11/16/2026,NONE,0.30,4.75%,21.92,10.5,141.39,Reit,,,,,,,
HROWL,HROWL,HROW,,BB,8,07/11/2025,2/1/2026,4/30/2026,0.54,8.63%,24.39,23.7,36.69,Healthcare,,,,,,,
HROWM,HROWM,HROW,,BB,8,07/11/2025,12/31/2024,12/31/2027,0.74,11.88%,,25.2,36.69,Healthcare,,,,,,,
HTFB,HTFB,HRZN,,BB,8,06/13/2025,3/30/2023,3/30/2026,0.31,4.88%,24.49,23.53,40.36,Assetmanagement,,,,,,,
HTFC,HTFC,HRZN,,BB,8,06/13/2025,6/15/2024,6/15/2027,0.39,4.88%,25.25,24.2,40.36,Assetmanagement,,,,,,,
INBKZ,INBKZ,INBK,FF,,8,05/15/2025,6/30/2024,6/30/2029,0.54,6.00%,,,8.70,Regionalbank,,,,,,,
IVR PRC,IVR-C,IVR,NFF,,8,06/05/2025,9/27/2027,NONE,0.47,7.50%,,,65.94,Reit,,,,,,,
JXN PRA,JXN-A,JXN,NFF,,10,06/12/2025,3/30/2028,NONE,0.50,8.00%,,,71.42,Insurance,,,,,,,
KEY PRI,KEY-I,KEY,NFF,,10.5,05/28/2025,12/15/2026,NONE,0.38,6.13%,,,1095.55,Regionalbank,,,,,,,
KEY PRL,KEY-L,KEY,NFF,,10.5,05/28/2025,9/15/2027,NONE,0.39,6.20%,,,1095.55,Regionalbank,,,,,,,
KMPB,KMPB,KMPR,NFF,,10,05/30/2025,3/15/2027,3/15/2062,0.37,5.88%,,,63.97,Insurance,,,,,,,
LBRDP,LBRDP,LBRDA,,,8,06/27/2025,None,3/9/2039,0.44,7.00%,26.23,21.31,143.16,Communicationservices,,,,,,,
LNC PRD,LNC-D,LNC,,,11,05/15/2025,12/1/2027,NONE,0.56,9.00%,,26.41,170.70,Insurance,,,,,,,
MBINL,MBINL,MBIN,,,8,06/12/2025,1/1/2030,NONE,0.48,7.63%,,,45.76,Regionalbank,,,,,,,
MBINM,MBINM,MBIN,NFF,,8,06/13/2025,10/1/2027,NONE,0.52,8.25%,,,45.76,Regionalbank,,,,,,,
MBNKP,MBNKP,MFIN,FF,,8,06/16/2025,4/1/2025,NONE,0.68,8.00%,,,23.24,Creditservices,,,,,,,
MER PRK,MER-K,BAC,,TP,11.5,06/12/2025,12/15/2011,12/15/2066,0.40,6.45%,26.45,24.62,7537.21,Bank,,,,,,,
MET PRA,MET-A,MET,FLR,,11.5,05/30/2025,9/15/2010,NONE,0.36,4.00%,,,671.16,Insurance,,,,,,,
METCL,METCL,METC,,BB,8,07/15/2025,7/30/2023,7/30/2026,0.56,9.00%,26.32,25.45,54.69,Cokingcoal,,,,,,,
METCZ,METCZ,METC,,,8,04/15/2025,11/30/2026,11/30/2029,0.52,8.38%,,,54.69,Cokingcoal,,,,,,,
MFA PRC,MFA-C,MFA,NFF,,8,06/02/2025,3/31/2025,NONE,0.41,6.50%,,,102.65,Reit,,,,,,,
MFAN,MFAN,MFA,,BB,8,08/01/2025,2/15/2026,2/15/2029,0.56,8.88%,,,102.65,Reit,,,,,,,
MFAO,MFAO,MFA,,BB,8,07/30/2025,8/15/2026,8/15/2029,0.56,9.00%,,,102.65,Reit,,,,,,,
MFICL,MFICL,MFIC,,BB,8,05/27/2025,12/15/2025,12/15/2028,0.50,8.00%,,,92.92,Assetmanagement,,,,,,,
MGRE,MGRE,AMG,,BB,12,06/26/2025,3/30/2029,3/30/2064,0.42,6.75%,,,28.79,Assetmanagement,,,,,,,
MHLA,MHLA,MHLD,,BB,8,05/30/2025,6/14/2021,6/14/2046,0.41,6.63%,17.51,15.26,99.49,Insurance,,,,,,,
MHNC,MHNC,MHLD,,BB,8,05/15/2025,12/1/2018,12/1/2043,0.48,7.75%,18.64,17.6,99.49,Insurance,,,,,,,
MITN,MITN,MITT,,BB,8,08/01/2025,2/15/2026,2/15/2029,0.59,9.50%,,,29.68,Reit,,,,,,,
MITP,MITP,MITT,,BB,8,07/30/2025,5/15/2026,5/15/2029,0.59,9.50%,,,29.68,Reit,,,,,,,
MITT PRA,MITT-A,MITT,,,8,05/30/2025,9/17/2024,NONE,0.52,8.25%,20.45,17.36,29.68,Reit,,,,,,,
MITT PRB,MITT-B,MITT,,,8,05/30/2025,9/27/2017,NONE,0.50,8.00%,20.19,16.46,29.68,Reit,,,,,,,
MITT PRC,MITT-C,MITT,FF,,8,05/30/2025,8/3/2017,NONE,0.71,8.00%,,,29.68,Reit,,,,,,,
MS PRA,MS-A,MS,FLR,,11,06/27/2025,7/15/2011,NONE,0.33,4.00%,,,1603.20,Bank,,,,,,,
MS PRE,MS-E,MS,,,11,06/27/2025,10/15/2023,NONE,0.45,7.13%,26.1,24.99,1603.20,Bank,,,,,,,
MS PRF,MS-F,MS,,,11,06/27/2025,1/15/2024,NONE,0.43,6.88%,26.31,24.43,1603.20,Bank,,,,,,,
MS PRI,MS-I,MS,,,11,06/27/2025,10/15/2024,NONE,0.40,6.38%,26.49,23.4,1603.20,Bank,,,,,,,
MS PRP,MS-P,MS,,,11,06/27/2025,10/15/2027,NONE,0.41,6.50%,26.33,24.28,1603.20,Bank,,,,,,,
MS PRQ,MS-Q,MS,,,11,06/30/2025,10/15/2029,NONE,0.41,6.63%,,,1603.20,Bank,,,,,,,
MSBIP,MSBIP,MSBI,NFF,,8,06/16/2025,9/30/2027,NONE,0.48,7.75%,,,21.40,Regionalbank,,,,,,,
MTB PRH,MTB-H,MTB,NFF,,10.5,06/02/2025,12/15/2026,NONE,0.35,5.63%,,,160.60,Regionalbank,,,,,,,
MTB PRJ,MTB-J,MTB,,,10.5,06/02/2025,6/15/2029,NONE,0.47,7.50%,,,160.60,Regionalbank,,,,,,,
NEWTG,NEWTG,NEWT,,BB,8,05/30/2025,6/1/2027,6/1/2029,0.53,8.50%,,,27.29,Regionalbank,,,,,,,
NEWTH,NEWTH,NEWT,,BB,8,07/14/2025,10/15/2026,10/15/2029,0.54,8.63%,,,27.29,Regionalbank,,,,,,,
NEWTI,NEWTI,NEWT,,BB,8,05/15/2025,9/1/2025,9/1/2028,0.50,8.00%,,24.8,27.29,Regionalbank,,,,,,,
NEWTZ,NEWTZ,NEWT,,,8,07/11/2025,2/1/2022,2/1/2026,0.34,5.50%,24.46,23.61,27.29,Regionalbank,,,,,,,
NLY PRF,NLY-F,NLY,FF,,8,06/02/2025,9/30/2022,NONE,0.60,6.95%,,,26.45,Reit,,,,,,,
NLY PRG,NLY-G,NLY,FF,,8,06/02/2025,3/31/2023,NONE,0.55,6.50%,,,26.45,Reit,,,,,,,
NLY PRI,NLY-I,NLY,FF,,8,06/02/2025,6/30/2024,NONE,0.60,6.75%,,,26.45,Reit,,,,,,,
NMFCZ,NMFCZ,NMFC,,BB,9.5,08/01/2025,6/17/2027,NONE,0.52,8.25%,,,107.59,Assetmanagement,,,,,,,
NREF PRA,NREF-A,NREF,,,8,07/11/2025,7/24/2025,NONE,0.53,8.50%,24,18.8,17.64,Reit,,,,,,,
NYMTG,NYMTG,NYMT,,,8,03/14/2025,4/1/2027,4/1/2030,0.57,9.13%,,,90.30,Reit,,,,,,,
NYMTI,NYMTI,NYMT,,BB,8,06/12/2025,7/1/2026,7/1/2029,0.57,9.13%,,,90.30,Reit,,,,,,,
NYMTL,NYMTL,NYMT,NFF,,8,07/01/2025,10/15/2026,NONE,0.43,6.88%,,,90.30,Reit,,,,,,,
NYMTM,NYMTM,NYMT,FF,,8,07/01/2025,1/15/2025,NONE,0.69,7.88%,,,90.30,Reit,,,,,,,
NYMTN,NYMTN,NYMT,NFF,,8,07/01/2025,10/15/2027,NONE,0.50,8.00%,,,90.30,Reit,,,,,,,
OCCIM,OCCIM,OCCI,,Term,8,05/20/2025,10/31/2026,10/31/2029,0.16,7.88%,,,20.70,Cef,,,,,,,
OCCIN,OCCIN,OCCI,,,8,05/20/2025,12/31/2023,12/31/2026,0.11,5.25%,22.99,22.07,20.70,Cef,,,,,,,
OCCIO,OCCIO,OCCI,,,8,05/20/2025,4/30/2023,4/30/2026,0.13,6.13%,24.87,23.35,20.70,Cef,,,,,,,
OCFCP,OCFCP,OCFC,NFF,,8,07/25/2025,6/1/2025,NONE,0.44,7.00%,,,58.38,Regionalbank,,,,,,,
OFSSH,OFSSH,OFS,,BB,8,07/11/2025,10/31/2023,10/31/2028,0.31,4.95%,22.99,21,13.41,Cef,,,,,,,
ONBPO,ONBPO,ONB,,,9,08/01/2025,8/20/2025,NONE,0.44,7.00%,,,370.09,Regionalbank,,,,,,,
ONBPP,ONBPP,ONB,,,9,08/01/2025,8/20/2025,NONE,0.44,7.00%,26.93,22.98,370.09,Regionalbank,,,,,,,
OXLCG,OXLCG,OXLC,,,8,06/13/2025,2/28/2030,2/29/2032,0.68,7.95%,,,437.24,Cef,,,,,,,
OXLCI,OXLCI,OXLC,,BB,8,06/13/2025,6/30/2028,6/30/2030,0.55,8.75%,,,437.24,Cef,,,,,,,
OXLCL,OXLCL,OXLC,,BB,8,06/13/2025,3/16/2024,3/31/2031,0.42,6.75%,24.65,22.68,437.24,Cef,,,,,,,
OXLCN,OXLCN,OXLC,,Term,8,05/16/2025,6/30/2024,6/30/2029,0.15,7.13%,24.6,22.92,437.24,Cef,,,,,,,
OXLCO,OXLCO,OXLC,,,8,05/16/2025,8/31/2024,8/31/2029,0.13,6.00%,23.37,21.49,437.24,Cef,,,,,,,
OXLCP,OXLCP,OXLC,,,8,05/16/2025,2/28/2023,2/28/2027,0.13,6.25%,24,22.74,437.24,Cef,,,,,,,
OXLCZ,OXLCZ,OXLC,,BB,8,06/13/2025,1/31/2024,1/31/2027,0.31,5.00%,23.69,22.31,437.24,Cef,,,,,,,
OXSQG,OXSQG,OXSQ,,BB,8,06/20/2025,5/31/2024,7/31/2028,0.34,5.50%,23.55,21.5,71.37,Cef,,,,,,,
OXSQZ,OXSQZ,OXSQ,,BB,8,06/20/2025,4/30/2022,4/30/2026,0.39,6.25%,24.7,23.48,71.37,Cef,,,,,,,
PBI PRB,PBI-B,PBI,,BB,8,05/23/2025,3/7/2018,3/7/2043,0.42,6.70%,23.44,16.07,183.19,Integratedfreight&logistics,,,,,,,
PDPA,PDPA,-,,,8,05/16/2025,12/31/2026,12/31/2029,0.17,8.00%,,,-,-,,,,,,,
PMT PRA,PMT-A,PMT,,,8,05/28/2025,3/15/2024,NONE,0.51,8.13%,24.77,20.8,87.13,Reit,,,,,,,
PMT PRB,PMT-B,PMT,,,8,05/28/2025,6/15/2024,NONE,0.50,8.00%,25,20.27,87.13,Reit,,,,,,,
PMT PRC,PMT-C,PMT,,,8,05/28/2025,8/24/2026,NONE,0.42,6.75%,21.21,16.38,87.13,Reit,,,,,,,
PMTU,PMTU,PMT,,BB,8,06/13/2025,9/30/2025,9/30/2028,0.53,8.50%,,24.25,87.13,Reit,,,,,,,
PMTV,PMTV,PMT,,,8,06/13/2025,2/15/2027,2/15/2030,0.56,9.00%,,,87.13,Reit,,,,,,,
PNFPP,PNFPP,PNFP,,,8,05/15/2025,9/1/2025,NONE,0.42,6.75%,26.08,21,77.52,Regionalbank,,,,,,,
PRIF PRD,PRIF-D,-,,,8,06/20/2025,3/31/2022,6/30/2029,0.44,7.00%,24.79,22.45,-,-,,,,,,,
PRIF PRF,PRIF-F,-,,,8,06/20/2025,2/25/2023,6/30/2027,0.41,6.63%,24.6,23.37,-,-,,,,,,,
PRIF PRH,PRIF-H,-,,,8,06/20/2025,5/6/2023,12/31/2026,0.38,6.00%,,,-,-,,,,,,,
PRIF PRI,PRIF-I,-,,,8,06/20/2025,6/17/2024,6/30/2028,0.38,6.13%,23.73,22.13,-,-,,,,,,,
PRIF PRJ,PRIF-J,-,,,8,06/20/2025,8/10/2024,12/31/2028,0.38,6.00%,23.06,22.36,-,-,,,,,,,
PRIF PRK,PRIF-K,-,,,8,06/20/2025,9/30/2026,NONE,0.44,7.00%,23.93,19.45,-,-,,,,,,,
PRIF PRL,PRIF-L,-,,,8,06/20/2025,2/28/2025,3/31/2029,0.40,6.38%,24.3,21.96,-,-,,,,,,,
QVCC,QVCC,QVCGA,,BB,9.5,05/30/2025,11/26/2024,11/26/2068,0.39,6.25%,21.68,8.35,403.43,Internetretail,,,,,,,
QVCD,QVCD,QVCGA,,BB,9.5,05/30/2025,9/13/2023,9/13/2067,0.40,6.38%,22.05,8.31,403.43,Internetretail,,,,,,,
RC PRE,RC-E,RC,,,8,06/27/2025,6/10/2026,NONE,0.41,6.50%,20.71,17.39,172.29,Reit,,,,,,,
RCB,RCB,RC,,BB,8,01/09/2025,7/30/2022,7/30/2026,0.39,6.20%,24.25,23.45,172.29,Reit,,,,,,,
RCC,RCC,RC,,BB,8,06/24/2025,2/15/2023,2/15/2026,0.36,5.75%,23.91,23.74,172.29,Reit,,,,,,,
RCD,RCD,RC,,,8,05/30/2025,12/15/2026,12/15/2029,0.56,9.00%,,,172.29,Reit,,,,,,,
RF PRC,RF-C,RF,NFF,,10.5,07/09/2025,8/15/2029,NONE,0.36,5.70%,,,898.77,Regionalbank,,,,,,,
RF PRF,RF-F,RF,NFF,,10.5,06/02/2025,9/15/2029,NONE,0.43,6.95%,,,898.77,Regionalbank,,,,,,,
RITM PRA,RITM-A,RITM,FF,,8,07/25/2025,8/15/2024,NONE,0.64,7.50%,,,529.83,Reit,,,,,,,
RITM PRB,RITM-B,RITM,FF,,8,07/25/2025,8/15/2024,NONE,0.63,7.13%,,,529.83,Reit,,,,,,,
RITM PRC,RITM-C,RITM,FF,,8,07/25/2025,2/15/2025,NONE,0.59,6.38%,,,529.83,Reit,,,,,,,
RITM PRD,RITM-D,RITM,NFF,,8,07/25/2025,11/15/2026,NONE,0.44,7.00%,,,529.83,Reit,,,,,,,
RIV PRA,RIV-A,RIV,,,12,08/01/2025,5/15/2027,NONE,0.38,6.00%,25.01,22.06,21.47,Cef,,,,,,,
RJF PRB,RJF-B,RJF,,,9.5,06/13/2025,7/1/2026,NONE,0.40,6.38%,,,201.75,Assetmanagement,,,,,,,
RLJ PRA,RLJ-A,RLJ,,,8,06/27/2025,NONE,NONE,0.49,7.80%,26.33,23.55,151.76,Reit,,,,,,,
RPT PRC,RPT-C,RPT,NFF,,8,07/30/2025,5/15/2030,NONE,0.49,9.88%,,,45.42,Reit,,,,,,,
RWAYL,RWAYL,RWAY,,BB,8,05/15/2025,7/28/2024,7/28/2027,0.47,7.50%,25.4,24.3,37.35,Creditservices,,,,,,,
RWAYZ,RWAYZ,RWAY,,BB,8,05/15/2025,12/31/2024,12/31/2027,0.50,8.00%,,24.52,37.35,Creditservices,,,,,,,
RWT PRA,RWT-A,RWT,NFF,,8,06/27/2025,4/15/2028,NONE,0.63,10.00%,,,132.98,Reit,,,,,,,
RWTN,RWTN,RWT,,BB,8,05/15/2025,3/1/2026,3/1/2029,0.57,9.13%,,,132.98,Reit,,,,,,,
RWTO,RWTO,RWT,,BB,8,05/15/2025,9/1/2026,9/1/2029,0.56,9.00%,,,132.98,Reit,,,,,,,
RWTP,RWTP,RWT,,,8,05/15/2025,3/1/2027,3/1/2030,0.85,9.13%,,,132.98,Reit,,,,,,,
RZB,RZB,RGA,,,12,05/30/2025,6/15/2026,6/15/2056,0.36,5.75%,,,66.07,Insurance,,,,,,,
RZC,RZC,RGA,,,12,06/27/2025,10/15/2027,10/15/2052,0.45,7.13%,,,66.07,Insurance,,,,,,,
SACH PRA,SACH-A,SACH,,,8,06/13/2025,6/29/2026,NONE,0.48,7.75%,24.15,19.69,47.31,Reit,,,,,,,
SAJ,SAJ,SAR,,BB,8,05/15/2025,10/27/2024,10/31/2027,0.50,8.00%,,24.68,15.36,Assetmanagement,,,,,,,
SAT,SAT,SAR,,BB,8,05/15/2025,4/27/2024,4/30/2027,0.38,6.00%,24.99,23.3,15.36,Assetmanagement,,,,,,,
SAY,SAY,SAR,,BB,8,05/15/2025,12/13/2024,12/31/2027,0.51,8.13%,,25.01,15.36,Assetmanagement,,,,,,,
SAZ,SAZ,SAR,,BB,8,05/15/2025,4/14/2025,4/15/2028,0.53,8.50%,,25.03,15.36,Assetmanagement,,,,,,,
SB PRC,SB-C,SB,,,8,07/16/2025,5/31/2019,NONE,0.50,8.00%,25.2,24.98,105.27,Marineshipping,,,,,,,
SB PRD,SB-D,SB,,,8,07/16/2025,6/30/2019,NONE,0.50,8.00%,,,105.27,Marineshipping,,,,,,,
SCCC,SCCC,SACH,,BB,8,06/13/2025,9/30/2022,9/30/2025,0.48,7.75%,25.2,23.66,47.31,Reit,,,,,,,
SCCD,SCCD,SACH,,,8,06/13/2025,9/20/2023,9/30/2026,0.38,6.00%,23.82,21.5,47.31,Reit,,,,,,,
SCCE,SCCE,SACH,,BB,8,06/13/2025,3/9/2024,3/30/2027,0.38,6.00%,23.08,20.88,47.31,Reit,,,,,,,
SCCF,SCCF,SACH,,BB,8,06/13/2025,5/11/2024,6/30/2027,0.45,7.13%,24.65,21.8,47.31,Reit,,,,,,,
SCCG,SCCG,SACH,,BB,8,06/13/2025,8/23/2024,9/30/2027,0.50,8.00%,,22.8,47.31,Reit,,,,,,,
SCE PRJ,SCE-J,EIX,NFF,,10.5,06/13/2025,9/15/2025,NONE,0.34,5.38%,,,384.94,Utility,,,,,,,
SCE PRK,SCE-K,EIX,NFF,,10.5,06/13/2025,3/15/2026,NONE,0.34,5.45%,,,384.94,Utility,,,,,,,
SCE PRM,SCE-M,EIX,,TP,10.5,06/13/2025,11/22/2028,NONE,0.47,7.50%,,,384.94,Utility,,,,,,,
SCE PRN,SCE-N,EIX,,TP,10.5,06/13/2025,5/13/2029,NONE,0.43,6.95%,,,384.94,Utility,,,,,,,
SEAL PRA,SEAL-A,SEAL,,,8,06/27/2025,10/5/2021,NONE,0.56,9.00%,,,-,-,,,,,,,
SEAL PRB,SEAL-B,SEAL,NFF,,8,06/27/2025,10/15/2027,NONE,0.53,8.50%,,,-,-,,,,,,,
SNV PRD,SNV-D,SNV,FF,,8,06/13/2025,6/21/2023,NONE,0.50,6.30%,,,138.77,Regionalbank,,,,,,,
SNV PRE,SNV-E,SNV,FF,,8,06/13/2025,7/1/2024,NONE,0.53,5.88%,,,138.77,Regionalbank,,,,,,,
SOJF,SOJF,SO,,,12,06/13/2025,3/15/2030,3/15/2085,0.41,6.50%,,,1098.51,Utility,,,,,,,
SPMA,SPMA,SPMC,,,8,05/15/2025,11/30/2026,11/30/2029,0.17,8.00%,,,20.27,Assetmanagement,,,,,,,
SPNT PRB,SPNT-B,SPNT,NFF,,9,05/15/2025,2/26/2026,NONE,0.50,8.00%,,,116.79,Insurance,,,,,,,
SSSSL,SSSSL,SSSS,,BB,8,06/13/2025,12/30/2024,12/30/2026,0.38,6.00%,24.75,23.35,23.55,Assetmanagement,,,,,,,
SWKHL,SWKHL,SWKH,,BB,8,06/13/2025,Anytime,1/31/2027,0.56,9.00%,,24.8,12.27,Assetmanagement,,,,,,,
SYF PRB,SYF-B,SYF,NFF,,8,08/04/2025,5/15/2029,NONE,0.52,8.25%,,,380.67,Creditservices,,,,,,,
TFC PRI,TFC-I,TFC,FLR,,11.5,08/08/2025,9/15/2011,NONE,0.32,4.00%,,,1308.21,Regionalbank,,,,,,,
TFINP,TFINP,TFIN,,,8,06/13/2025,6/30/2025,NONE,0.45,7.13%,25.47,19.2,23.50,Regionalbank,,,,,,,
TFSA,TFSA,-,,,8,06/13/2025,2/10/2023,3/31/2026,0.44,7.00%,,,-,-,,,,,,,
TPGXL,TPGXL,TPG,,BB,12,05/29/2025,3/15/2029,3/15/2064,0.43,6.95%,,,110.28,Assetmanagement,,,,,,,
TRINI,TRINI,TRIN,,BB,8,06/12/2025,9/30/2026,9/30/2029,0.49,7.88%,,,64.65,Assetmanagement,,,,,,,
TRTN PRA,TRTN-A,-,,,9,06/09/2025,3/15/2024,NONE,0.53,8.50%,26.49,25,-,-,,,,,,,
TRTN PRB,TRTN-B,-,,,9,06/09/2025,9/15/2024,NONE,0.50,8.00%,26.63,23.67,-,-,,,,,,,
TRTN PRC,TRTN-C,-,,,9,06/09/2025,12/15/2024,NONE,0.46,7.38%,26.1,22.32,-,-,,,,,,,
TRTN PRF,TRTN-F,-,,,9,06/09/2025,3/15/2030,NONE,0.48,7.63%,,,-,-,,,,,,,
TVC,TVC,GOOGL,,,19.5,05/30/2025,None,6/1/2028,0.13,2.13%,,,9990.00,-,,,,,,,
TVE,TVE,GOOGL,,,19.5,07/28/2025,None,5/1/2029,0.14,2.22%,,,9990.00,-,,,,,,,
TWO PRA,TWO-A,TWO,NFF,,8,07/10/2025,4/26/2027,NONE,0.51,8.13%,,,103.74,Reit,,,,,,,
TWO PRB,TWO-B,TWO,NFF,,8,07/10/2025,7/27/2027,NONE,0.48,7.63%,,,103.74,Reit,,,,,,,
TWO PRC,TWO-C,TWO,FF,,8,07/10/2025,1/27/2025,NONE,0.60,7.25%,,,103.74,Reit,,,,,,,
UCB PRI,UCB-I,UCB,,,8,05/29/2025,9/15/2025,NONE,0.43,6.88%,,,119.46,Regionalbank,,,,,,,
UMH PRD,UMH-D,UMH,,,8,05/15/2025,1/22/2023,NONE,0.40,6.38%,25.57,20.85,83.91,Reit,,,,,,,
USB PRH,USB-H,USB,FLR,,12.5,06/27/2025,4/15/2011,NONE,0.32,3.50%,,,1557.99,Regionalbank,,,,,,,
VLYPN,VLYPN,VLY,NFF,,8,06/12/2025,9/30/2029,NONE,0.52,8.25%,,,559.85,Regionalbank,,,,,,,
VLYPO,VLYPO,VLY,FF,,8,06/13/2025,9/30/2022,NONE,0.52,5.50%,,,559.85,Regionalbank,,,,,,,
VLYPP,VLYPP,VLY,NFF,,8,06/13/2025,6/30/2025,NONE,0.39,6.25%,,,559.85,Regionalbank,,,,,,,
VOYA PRB,VOYA-B,VOYA,NFF,,10,05/27/2025,9/15/2029,NONE,0.33,5.35%,,,96.09,Financialconglomerates,,,,,,,
WAL PRA,WAL-A,WAL,NFF,,8,06/13/2025,9/30/2026,NONE,0.27,4.25%,,,110.43,Regionalbank,,,,,,,
WBS PRG,WBS-G,WBS,,,10,06/30/2025,4/15/2018,NONE,0.41,6.50%,25.24,20.25,168.44,Regionalbank,,,,,,,
WCC PRA,WCC-A,WCC,NFF,,8,06/13/2025,6/22/2025,NONE,0.66,10.63%,,,48.81,Industrialdistribution,,,,,,,
WHFCL,WHFCL,WHF,,BB,8,05/28/2025,9/15/2025,9/15/2028,0.49,7.88%,,24.85,23.24,Assetmanagement,,,,,,,
WSBCP,WSBCP,WSBC,NFF,,8,07/28/2025,11/15/2025,NONE,0.42,6.75%,,,95.79,Regionalbank,,,,,,,
WTFCM,WTFCM,WTFC,NFF,,8,07/01/2025,7/15/2025,NONE,0.41,6.50%,,,66.87,Regionalbank,,,,,,,
WTFCP,WTFCP,WTFC,NFF,,8,07/01/2025,7/15/2025,NONE,0.43,6.88%,,,66.87,Regionalbank,,,,,,,
XFLT PRA,XFLT-A,XFLT,,,8,07/14/2025,3/31/2023,3/31/2026,0.41,6.50%,25.46,24.54,76.12,Cef,,,,,,,
XOMAO,XOMAO,XOMA,,,8,06/30/2025,4/15/2022,NONE,0.52,8.38%,25.3,22.56,11.95,Biotechnology,,,,,,,
XOMAP,XOMAP,XOMA,,,8,06/30/2025,12/15/2021,NONE,0.54,8.63%,25.92,22.76,11.95,Biotechnology,,,,,,,
,,,,,,,,,,,,,,,,,,,,X,X